cycle,rmse_m,event
0,1.0900,normal
1,1.0900,normal
2,1.0900,normal
3,1.0900,normal
4,1.0900,normal
5,1.0900,normal
6,1.0900,normal
7,1.0900,normal
8,1.0900,normal
9,1.0900,normal
10,1.2535,node_disconnected_recovering
11,1.1990,node_disconnected_recovering
12,1.1445,node_disconnected_recovering
13,1.0900,normal
14,1.0900,normal
15,1.0900,normal
16,1.0900,normal
17,1.0900,normal
18,1.0900,normal
19,1.0900,normal
20,1.1772,node_reconnected_resync
21,1.1336,node_reconnected_resync
22,1.0900,normal
23,1.0900,normal
24,1.0900,normal
25,1.0900,normal
26,1.0900,normal
27,1.0900,normal
28,1.0900,normal
29,1.0900,normal
30,1.0900,normal
